{
  "project_info": {
    "project_number": "351379047243",
    "project_id": "studify-746a0",
    "storage_bucket": "studify-746a0.firebasestorage.app"
  },
  "client": [
    {
      "client_info": {
        "mobilesdk_app_id": "1:351379047243:android:d927bacd7f9607bab7dece",
        "android_client_info": {
          "package_name": "com.example.studify"
        }
      },
      "oauth_client": [
        {
          "client_id": "351379047243-8ege9mo4qmaj0us2hnotji20f0g0jh32.apps.googleusercontent.com",
          "client_type": 1,
          "android_info": {
            "package_name": "com.example.studify",
            "certificate_hash": "617697ddb0971faeea5dc8fe0d04ac799e4f4b87"
          }
        },
        {
          "client_id": "351379047243-kp2uu087fsnsp9o6brccucv0lu54tti5.apps.googleusercontent.com",
          "client_type": 1,
          "android_info": {
            "package_name": "com.example.studify",
            "certificate_hash": "bd9f797425a3e8f60d838dc4dc79029920021a51"
          }
        },
        {
          "client_id": "351379047243-uab99uqe3mth7ragvjg58fiba5eqs5l4.apps.googleusercontent.com",
          "client_type": 1,
          "android_info": {
            "package_name": "com.example.studify",
            "certificate_hash": "1c47e3452b20d66c9449a7af745e3e7cbdd85b4c"
          }
        },
        {
          "client_id": "351379047243-htvbmi8n0kf8j6burukqnnvp6fjj274m.apps.googleusercontent.com",
          "client_type": 3
        }
      ],
      "api_key": [
        {
          "current_key": "AIzaSyC87cLmHE7D9HbcjfCHoBR0KQC-7RAWzpg"
        }
      ],
      "services": {
        "appinvite_service": {
          "other_platform_oauth_client": [
            {
              "client_id": "351379047243-1gd1pfrtm58ffuq0i6otiqa96llbnoti.apps.googleusercontent.com",
              "client_type": 3
            }
          ]
        }
      }
    }
  ],
  "configuration_version": "1"
}